{
  "label1": {
    "type": "label",
    "value": "Mesh"
  },
  "meshAmbient": {
    "text": "Ambient",
    "type": "color",
    "value": "#000000"
  },
  "meshDiffuse": {
    "text": "Diffuse",
    "type": "color",
    "value": "#C0C0C0"
  },
  "meshSlices": {
    "max": 800,
    "min": 1,
    "tick": 800,
    "text": "Slices",
    "type": "slider",
    "value": 350.0
  },
  "label2": {
    "type": "label",
    "value": "Light"
  },
  "lightAmbient": {
    "text": "Ambient",
    "type": "color",
    "value": "#C0C0C0"
  },
  "lightDiffuse": {
    "text": "Diffuse",
    "type": "color",
    "value": "#808080"
  },
  "lightDistance": {
    "max": 1000,
    "min": 0,
    "tick": 1001,
    "text": "Distance",
    "type": "slider",
    "value": 135.0
  }
}